start_OD,end_OD,start_node,end_node,route_nodes
35,35,3549,3549,3549
35,36,3549,402,3549|3580|3581|411|444|443|402
35,33,3549,3067,3549|358|3152|3119|3004|2706|2705|2724|2551|5194|2585|2586|2548|2543|2545|2996|3122|3129|3067
35,159,3549,7043,3549|358|3152|3119|2687|2591|2135|2136|5113|5636|3849|4880|6169|6313|6698|4091|4099|4685|4798|5188|2487|2323|2324|1736|35|516|7043
35,34,3549,3110,3549|358|3152|3119|3004|2706|2705|2724|2551|5194|2585|2586|2679|3110
35,158,3549,6222,3549|358|3152|3119|3004|2706|2705|2724|5136|5160|5656|4485|3881|3883|4688|4687|6733|6524|6525|6614|6615|7052|4199|4103|4549|4793|5102|5575|2840|2841|2272|1717|1716|203|204|414|6888|6222
35,39,3549,6450,3549|358|354|336|351|350|451|526|6830|6810|6455|6439|6450
35,157,3549,6393,3549|358|3152|3119|3004|2706|2705|2724|5136|5160|5656|4485|3881|3883|4688|4687|6733|6524|6525|6614|6615|7052|4199|4103|4549|4793|5102|5575|2840|2841|2272|1717|1716|203|204|414|6888|7047|6232|6410|6413|5936|6393
35,156,3549,5330,3549|358|3152|3005|2989|2605|2570|2513|2514|2092|2093|2140|5122|3852|4420|4311|4417|4657|6613|6709|7025|4022|4604|5002|5132|5190|2814|2266|1755|777|872|7039|6325|5285|5301|5330
35,37,3549,3657,3549|358|354|336|351|350|451|526|574|6964|7004|7118|7005|6973|6762|6783|6442|5975|5974|6012|5631|5628|5425|5427|5242|4527|4251|4458|4351|3214|3341|3385|3360|3364|4519|3252|3253|3657
35,155,3549,5792,3549|358|3152|3119|2687|2591|2135|2136|5113|5636|3849|4880|6169|6313|6698|4091|4099|4685|4798|5188|2487|2323|2282|2363|1812|49|54|769|1044|5909|5932|6395|5248|5273|5374|5679|5776|5792
35,154,3549,1589,3549|358|3152|3119|2687|2591|2135|2136|5113|5636|3849|4880|6169|6313|6698|4091|4099|4685|4798|5188|2487|2323|2282|2363|1812|49|50|871|7044|7228|5938|6268|5338|5443|1589
35,38,3549,4534,3549|358|354|336|351|350|451|526|574|6964|7004|7118|7005|6973|6762|6783|6442|5975|5974|6012|5631|5628|5425|5427|5242|4527|4251|4458|4351|4534
35,152,3549,1971,3549|358|3152|3119|3004|2706|2705|2724|5136|5160|5656|4485|3881|3883|4688|4687|6733|6524|6525|6614|6615|7052|4199|4103|4549|4793|5102|5575|2840|2841|2272|1717|1716|203|204|414|6888|7047|6232|6416|5348|3961|4422|1688|1690|1732|1971
35,153,3549,1972,3549|358|3152|3119|3004|2706|2705|2724|5136|5160|5656|4485|3881|3883|4688|4687|6733|6524|6525|6614|6615|7052|4199|4103|4549|4793|5102|5575|2840|2841|2272|1717|1720|33|32|436|7065|6320|6367|5791|4291|1568|1521|1523|1972
35,150,3549,3918,3549|358|3152|3119|2687|2591|2135|2136|5113|5636|3849|4880|6169|6313|6698|4091|4099|4685|4798|5188|2487|2323|2282|2363|1812|49|54|769|1044|5909|5932|6395|5465|4430|1588|1592|1915|1934|2912|3803|3918
35,151,3549,3429,3549|358|3152|3005|2989|2605|2570|2513|2514|2092|2093|2140|5122|3852|4420|4311|4417|4657|6613|6709|7025|4022|4604|5002|5132|5190|2814|2266|1755|777|872|7039|6325|5285|3891|1891|1969|2938|2939|3429
35,43,3549,6588,3549|358|354|336|423|6972|6492|5953|5948|5982|4908|4521|3224|3221|3250|3339|3651|3975|4582|6823|6938|6936|6647|6588
35,42,3549,5133,3549|3580|357|387|409|7019|6573|5977|5976|5616|5735|5280|5655|5455|5250|5168|5133
35,41,3549,3317,3549|3580|357|387|409|7019|6573|5977|5976|5616|5615|4976|4531|4463|3675|3316|3317
35,40,3549,3250,3549|358|354|336|423|6972|6492|5953|5948|5982|4908|4521|3224|3221|3250
35,202,3549,5520,3549|3580|357|387|409|7019|6573|6465|5955|5954|4886|4838|4300|4387|4254|3249|3311|3377|3741|4602|7109|6748|6484|6485|6123|1792|1243|1188|953|951|756|734|305|304|4401|4375|4365|4451|5846|5438|5520
35,203,3549,4264,3549|3580|3581|3550|3192|3078|386|385|404|446|6464|6425|5783|4926|4441|3234|3935|4607|6955|6301|6603|6179|1724|1696|1315|914|741|303|347|4265|4264
35,204,3549,4333,3549|358|354|336|423|6972|6492|5953|5948|5982|4908|4521|3224|3221|3250|3339|3651|3259|3658|3683|3684|3940|3939|4546|4561|7002|6678|6281|6235|6064|1246|1328|929|874|710|239|238|4333
35,205,3549,4961,3549|3580|3581|3550|3192|3078|386|385|404|446|6464|6425|5783|4926|4441|3234|3935|4607|6955|6301|6265|1176|275|712|231|227|4932|4373|4363|4354|4355|4483|4706|4402|4394|4380|4379|4961
35,200,3549,6996,3549|3580|357|387|409|7019|6573|6465|5955|5954|4886|4838|4300|4387|4254|3249|3311|3377|3741|4602|7109|6748|6484|6485|6123|1792|1243|1188|953|951|756|734|305|304|4401|4939|4366|4496|5352|5336|5333|5509|5508|6652|6677|6324|6322|6996
35,201,3549,6348,3549|3580|357|387|409|7019|6573|6465|5955|5954|4886|4838|4300|4387|4254|3249|3311|3377|3741|4602|7109|6748|6484|6485|6123|1792|1243|1188|953|730|696|695|237|236|4869|4712|4471|4450|4504|5721|5342|5339|5493|5476|6348
35,22,3549,611,3549|358|3152|3119|3004|2706|2705|2724|5136|5160|5656|4485|3881|3883|4688|4687|6733|6524|6525|6554|6694|4104|4110|4214|4583|4834|5195|2886|2887|2332|2396|2397|1799|611
35,23,3549,2887,3549|358|3152|3119|3004|2706|2705|2724|5136|5160|5656|4485|3881|3883|4688|4687|6733|6524|6525|6554|6694|4104|4110|4214|4583|4834|5195|2886|2887
35,169,3549,943,3549|358|3152|3119|2687|2591|2135|2136|5113|5636|3849|4880|6169|6313|6698|4091|4099|4685|4798|5188|2487|2323|2282|2363|1812|49|54|769|1044|5909|5932|6395|5465|4430|1588|1592|1915|1934|2912|2790|3804|4046|4802|1381|1385|1196|1213|1215|3529|2325|2326|2845|5321|6545|6469|5987|5874|5763|5377|4748|4806|4186|4187|4349|6835|181|185|489|958|3204|3395|2477|2439|2294|2869|4071|4072|5586|395|394|141|971|979|798|1352|1464|1843|1883|1884|2059|2510|2558|2665|2999|3084|3354|3471|2089|2039|2041|2070|507|881|845|906|501|943
35,24,3549,5082,3549|358|3152|3119|2687|2591|2135|2136|5113|5636|3849|4880|6169|6313|6698|4091|4099|4695|5048|5047|5082
35,25,3549,4610,3549|358|3152|3005|2989|2605|2570|2513|2514|2092|2093|2140|5122|3852|3853|4655|4995|6100|6101|6231|6875|6874|4610
35,206,3549,1299,3549|3580|3581|3550|3192|3078|386|385|404|446|6464|6425|5738|4909|3233|3232|3637|4004|4553|6661|6630|6631|6190|1651|1650|1300|1299
35,26,3549,4548,3549|358|3152|3005|2989|2605|2570|2513|2514|2092|2093|2140|5122|3852|4420|4311|4417|4657|4978|6221|6171|6251|6215|6971|4548
35,166,3549,3140,3549|358|3152|3119|2687|2591|2135|2136|5113|5636|3849|4880|6169|6313|6698|4091|4099|4685|4798|5188|2487|2323|2282|2363|1812|49|54|769|1044|5909|5932|6395|5465|4430|1588|1592|1915|1934|2912|3803|3927|4715|5582|1366|1437|1432|1211|1065|1074|3431|2433|2434|2965|5209|6940|6517|6065|6033|5779|5838|5041|4767|4121|4122|6768|30|31|1008|1009|3203|3451|3440|2215|2216|2277|2763|2764|4268|393|309|322|846|847|2719|3236|3140
35,207,3549,1175,3549|3580|3581|3550|3192|3078|386|385|404|446|6464|6425|5783|4926|4441|3234|3935|4607|6955|6301|6265|1176|1282|1606|1278|1171|1175
35,27,3549,2800,3549|358|3152|3119|3004|2706|2705|2724|5136|5160|5656|4485|3881|3883|4688|4687|6733|6524|6525|6554|6309|6619|6673|6712|6909|4049|4051|4093|4030|4029|4034|4792|2800
35,165,3549,799,3549|358|3152|3119|2687|2591|2135|2136|5113|5636|3849|4880|6169|6313|6698|4091|4099|4685|4798|5188|2487|2323|2282|2363|1812|49|54|769|1044|5909|5932|6395|5465|4430|1588|1592|1915|1934|2912|3803|3927|4715|5582|1366|1437|1432|1211|1065|1074|3431|2433|2434|2965|5209|6940|6517|6065|6033|5779|5838|5041|4767|4121|4122|6768|30|31|1008|1009|3203|3451|3440|2215|2216|2277|2763|2764|4268|393|309|322|846|847|2719|3236|3140|3170|726|184|167|911|1579|800|799
35,208,3549,6200,3549|358|354|336|423|6972|6492|5953|5948|5982|4908|4521|3224|3221|3250|3339|3651|3259|3658|3683|3684|3940|3939|4546|4561|7002|6678|6281|6266|6294|1684|1683|1719|1237|1604|1244|1259|1260|1738|6200
35,28,3549,6671,3549|358|3152|3119|3004|2706|2705|2724|5136|5160|5656|4485|3881|3883|4688|4687|6733|6524|6525|6554|6309|6619|6671
35,168,3549,1968,3549|358|3152|3119|2687|2591|2135|2136|5113|5636|3849|4880|6169|6313|6698|4091|4099|4685|4798|5188|2487|2323|2282|2363|1812|49|54|769|1044|5909|5932|6395|5465|4430|1588|1592|1915|1934|2912|2790|3804|4046|4802|1381|1385|1196|1213|1215|3529|2325|2326|2845|5321|6545|6469|5987|5874|5763|5377|4748|4806|4186|4187|4349|6835|181|185|489|958|3204|3395|2477|2439|2294|2869|4071|4072|5586|395|394|141|971|979|798|1352|1464|1843|1883|1884|2059|2510|2558|2665|2999|3084|3354|3471|2089|2039|2041|2070|507|881|791|810|811|1230|1256|1270|1269|1271|1925|1664|1671|1968
35,209,3549,4602,3549|3580|357|387|409|7019|6573|6465|5955|5954|4886|4838|4300|4387|4254|3249|3311|3377|3741|4602
35,29,3549,3882,3549|358|3152|3119|3004|2706|2705|2724|5136|5160|5656|4485|3881|3882
35,167,3549,1661,3549|358|3152|3119|2687|2591|2135|2136|5113|5636|3849|4880|6169|6313|6698|4091|4099|4685|4798|5188|2487|2323|2282|2363|1812|49|54|769|1044|5909|5932|6395|5465|4430|1588|1592|1915|1934|2912|2790|3804|4046|4802|1381|1385|1196|1213|1215|3529|2325|2326|2845|5321|6545|6469|5987|5874|5763|5377|4748|4806|4186|4187|4349|6835|181|185|489|958|3204|3395|2477|2439|2294|2869|4071|4072|5586|395|394|141|971|979|798|1352|1464|1843|1883|1884|2059|2510|2558|2665|2999|3084|3354|3471|2089|2039|2041|2070|507|881|791|810|811|1230|1256|1270|1269|1271|1925|1664|1671|1672|1661
35,3,3549,870,3549|358|354|336|423|6972|6492|5953|5948|5982|4908|4521|3224|3221|3250|3339|3651|3259|3658|3683|3684|3940|3939|4546|4561|7002|6678|6281|6266|1795|1201|899|870
35,161,3549,2266,3549|358|3152|3005|2989|2605|2570|2513|2514|2092|2093|2140|5122|3852|4420|4311|4417|4657|6613|6709|7025|4022|4604|5002|5132|5190|2814|2266
35,2,3549,4366,3549|3580|357|387|409|7019|6573|6465|5955|5954|4886|4838|4300|4387|4254|3249|3311|3377|3741|4602|7109|6748|6484|6485|6123|1792|1243|1188|953|951|756|734|305|304|4401|4939|4366
35,162,3549,1081,3549|358|3152|3005|2989|2605|2570|2513|2514|2092|2093|2140|5122|3852|4420|4311|4417|4657|6613|6709|7025|4022|4604|5002|5132|5190|2814|2266|1755|777|872|7039|6325|5285|3891|1891|1969|2938|2939|3430|3433|646|657|2937|5775|4800|3899|3932|7098|6860|120|121|819|3226|2201|2202|2907|836|844|1450|1900|2598|3519|2014|2008|3128|493|492|878|1061|1056|1057|1081
35,163,3549,170,3549|358|3152|3119|2687|2591|2135|2136|5113|5636|3849|4880|6169|6313|6698|4091|4099|4685|4798|5188|2487|2323|2282|2363|1812|49|54|769|1044|5909|5932|6395|5465|4430|1588|1592|1915|1934|2912|3803|3927|4715|5582|5562|5894|5892|1895|677|678|3405|3475|3476|2393|2394|2832|6568|6068|5863|5821|5052|5053|4826|4235|4146|86|87|464|494|897|3453|3694|2900|4672|4130|4133|5757|69|130|775|774|851|1029|1394|1789|3028|3467|2180|2102|2052|2053|2683|2651|2655|3138|3142|215|169|170
35,1,3549,5497,3549|3580|3581|3550|3192|3078|386|385|404|446|6464|6425|5783|4926|4441|3234|3935|4607|6955|6301|6265|1176|275|274|4358|4318|4317|4530|5544|5497
35,164,3549,1641,3549|358|3152|3119|2687|2591|2135|2136|5113|5636|3849|4880|6169|6313|6698|4091|4099|4685|4798|5188|2487|2323|2282|2363|1812|49|54|769|1044|5909|5932|6395|5465|4430|1588|1592|1915|1934|2912|3803|3927|4715|5582|1366|1437|1432|1211|1065|1074|3431|2433|2434|2965|5209|6940|6517|6065|6033|5779|5838|5041|4767|4121|4122|6768|30|31|1008|1009|3203|3451|3440|2215|2216|2277|2763|2764|4268|393|309|322|846|847|2719|3236|3140|3170|726|184|167|911|1579|1224|1223|1248|1312|1993|1641
35,30,3549,5193,3549|358|3152|3005|2989|2605|2570|2513|2514|2092|2093|2140|5122|3852|4420|4311|4312|5193
35,7,3549,2555,3549|358|3152|3119|3004|2706|2705|2724|2551|5194|2585|5034|5064|5121|5112|5119|5059|5060|5583|4691|4690|4174|3943|4481|5145|5139|2555
35,6,3549,351,3549|358|354|336|351
35,32,3549,577,3549|358|354|336|351|350|451|526|574|6964|7004|7118|7005|6973|6762|6783|6853|6453|6456|6500|6414|6591|6406|6574|6852|576|577
35,5,3549,1724,3549|3580|3581|3550|3192|3078|386|385|404|446|6464|6425|5783|4926|4441|3234|3935|4607|6955|6301|6603|6179|1724
35,160,3549,769,3549|358|3152|3119|2687|2591|2135|2136|5113|5636|3849|4880|6169|6313|6698|4091|4099|4685|4798|5188|2487|2323|2282|2363|1812|49|54|769
35,31,3549,3844,3549|358|3152|3005|2989|2605|2570|2696|2990|2689|2602|2499|2497|2498|5134|3841|3844
35,4,3549,1619,3549|358|354|336|423|6972|6492|5953|5948|5982|4908|4521|3224|3221|3250|3339|3651|3975|4582|6823|7112|7165|6954|6906|6668|6592|1620|1619
35,9,3549,646,3549|358|3152|3005|2989|2605|2570|2513|2514|2092|2093|2140|5122|3852|4420|4311|4417|4657|6613|6709|7025|4022|4604|5002|5132|5190|2814|2266|1755|777|872|7039|6325|5285|3891|1891|1969|2938|2939|3430|3433|646
35,8,3549,4971,3549|358|3152|3005|2989|2605|2570|2696|2990|2689|2602|2499|2497|2498|5134|3841|3844|3980|3983|4971
35,211,3549,3320,3549|3580|3581|3550|3192|3078|2987|2693|2694|2582|2569|2552|3018|488|487|360|6772|6594|5787|3320
35,212,3549,4542,3549|3580|3581|3550|3192|3078|2987|2693|2694|2582|2569|2552|2542|2640|2567|2686|3134|3169|3070|2707|2700|2701|3604|363|327|378|377|428|465|6980|6841|6511|6508|5365|5979|5978|5733|4985|5692|4542
35,210,3549,3244,3549|3580|3581|3550|3192|3078|2987|2693|2694|2582|2569|2552|3018|488|487|360|6772|6594|5787|3320|3321|3661|3664|5009|3318|3322|3634|3244
35,215,3549,367,3549|358|3152|3119|337|367
35,216,3549,2677,3549|3580|3581|3550|3192|3078|2987|2693|2694|2582|2569|2552|2542|2640|2567|2686|3134|3169|3070|2707|2700|2701|3604|363|327|2697|2678|2677
35,19,3549,3900,3549|358|3152|3119|3004|2706|2705|2724|5136|5160|5656|4485|3881|3883|4688|4687|6733|6524|6525|6554|6309|6619|6673|6712|6909|4049|4051|4093|4030|4029|4034|4792|2799|2579|146|892|5908|3900
35,213,3549,5669,3549|3580|3581|411|410|460|486|503|522|6409|6777|5988|5669
35,214,3549,6446,3549|358|354|336|351|350|451|526|574|6964|7004|7118|7005|6973|6762|6783|6853|6453|6456|6500|6414|6591|6406|6000|5957|5961|5962|5963|5964|5813|6436|6446
35,179,3549,1831,3549|358|3152|3119|2687|2591|2135|2136|5113|5636|3849|4880|6169|6313|6698|4091|4099|4685|4798|5188|2487|2323|2282|2363|1812|49|54|769|1044|5909|5932|6395|5465|4430|1588|1592|1915|1934|2912|3803|3927|4715|5582|5562|5894|5892|1895|677|678|3405|3475|3476|2393|2394|2832|6568|5869|5384|3867|3866|292|468|467|813|505|2901|4096|223|1152|1831
35,17,3549,2798,3549|3580|3581|3550|3192|3078|2987|2693|2694|2582|2569|2552|2542|2515|2114|2115|5106|5107|5584|4171|4172|4646|6060|6095|6219|6536|6984|4166|4164|4024|5058|5087|5587|2798
35,219,3549,6291,3549|3580|3581|3550|3192|3078|2987|2693|2694|2582|2569|2552|2542|2515|2114|2115|5106|5107|5584|4171|4172|4646|6060|6095|6219|6536|6291
35,178,3549,3530,3549|358|3152|3119|3004|2706|2705|2724|5136|5160|5656|4485|3881|3883|4688|4687|6733|6524|6525|6554|6309|6619|6673|6712|6909|4049|4051|4093|4030|4029|4034|4792|2799|2579|146|892|5908|3900|3901|1985|1933|1559|2331|3793|4132|4808|4820|1461|664|665|2168|2489|2830|5745|5453|5454|4865|3399|3402|2224|2229|2392|2257|2333|2774|4403|5807|4124|5837|7149|586|589|2048|2527|2992|3008|3530
35,18,3549,6651,3549|3580|357|387|409|7019|6573|6465|5955|5954|4886|4838|4300|4387|4254|3249|3311|3377|3741|4602|7109|6748|6484|6485|6123|1792|1243|1188|953|951|756|734|305|304|4401|4939|4366|4496|5352|5336|5468|5484|6651
35,177,3549,1048,3549|358|3152|3119|3004|2706|2705|2724|5136|5160|5656|4485|3881|3883|4688|4687|6733|6524|6525|6554|6309|6619|6673|6712|6909|4049|4051|4093|4030|4029|4034|4792|2799|2579|146|892|5908|3900|3901|1985|1933|1559|2331|3793|4132|4808|4820|1461|664|665|2168|2489|2830|5745|5453|5454|4865|3399|3402|2224|2225|4664|4227|4228|5810|1023|1039|1048
35,15,3549,1318,3549|358|354|336|423|6972|6492|5953|5948|5982|4908|4521|3224|3221|3376|3711|3735|3972|3971|6805|6757|6868|6669|6242|1679|1657|1656|1318
35,217,3549,6171,3549|358|3152|3005|2989|2605|2570|2513|2514|2092|2093|2140|5122|3852|4420|4311|4417|4657|4978|6221|6171
35,176,3549,1881,3549|358|3152|3119|3004|2706|2705|2724|5136|5160|5656|4485|3881|3883|4688|4687|6733|6524|6525|6554|6309|6619|6673|6712|6909|4049|4051|4093|4030|4029|4034|4792|2799|2579|146|892|5908|3900|3901|1985|1933|1559|1557|4000|5481|5467|1531|1805|1806|5607|4866|3230|3231|1881
35,16,3549,6250,3549|3580|357|387|409|7019|6573|6465|5955|5954|4886|4838|4300|4387|4254|3249|3311|3377|3741|4602|7109|6748|6484|6485|6123|1792|1243|1188|953|730|696|695|237|236|4869|4712|4471|4450|4504|5721|5342|5339|5493|5492|6375|6639|6705|6153|6152|6250
35,218,3549,6275,3549|3580|3581|3550|3192|3078|2987|2693|2694|2582|2569|2552|2542|2515|2122|5129|5181|4423|4424|4440|4950|6230|6275
35,13,3549,2550,3549|358|3152|3119|3004|2706|2705|2985|2550
35,14,3549,6183,3549|3580|3581|3550|3192|3078|2987|2693|2694|2582|2569|2552|3018|488|487|360|6772|6594|5787|3320|3321|3661|3664|5009|3318|3744|4012|3974|3973|7115|7055|6908|7027|6986|6581|6273|6183
35,11,3549,6265,3549|3580|3581|3550|3192|3078|386|385|404|446|6464|6425|5783|4926|4441|3234|3935|4607|6955|6301|6265
35,12,3549,2172,3549|3580|3581|3550|3192|3078|2987|2693|2694|2582|2569|2552|2542|2515|2122|5129|5181|4423|4424|4440|4950|6230|6275|4764|4765|2559|2357|10|473|5919|5237|5239|5672|5754|1591|1615|4276|1946|2172
35,170,3549,1159,3549|358|3152|3005|2989|2605|2570|2513|2514|2092|2093|2140|5122|3852|4420|4311|4417|4657|6613|6709|7025|4022|4604|5002|5132|5190|2814|2266|1755|777|872|7039|6325|5285|3891|1891|1969|2938|2939|3430|3433|646|657|2937|5775|4800|3899|3932|7098|6860|120|121|819|3226|2201|2202|2907|836|844|1448|1868|3048|2097|1997|2005|3277|961|920|840|841|1596|1931|6387|1204|1121|1210|1159
35,21,3549,4442,3549|358|3152|3119|3004|2706|2705|2724|2551|5194|2585|5034|5064|5121|5112|5119|5059|5060|5583|4691|4690|4174|3943|4481|5145|5139|2555|2519|4442
35,171,3549,1067,3549|358|3152|3005|2989|2605|2570|2513|2514|2092|2093|2140|5122|3852|4420|4311|4417|4657|6613|6709|7025|4022|4604|5002|5132|5190|2814|2266|1755|777|872|7039|6325|5285|3891|1891|1969|2938|2939|3430|3433|646|657|2937|5775|4800|3899|3932|7098|6860|120|121|819|3226|2201|2202|2907|836|844|1448|1868|3048|2097|1997|2005|3277|961|920|840|841|1596|1931|6387|1067
35,20,3549,1448,3549|358|3152|3005|2989|2605|2570|2513|2514|2092|2093|2140|5122|3852|4420|4311|4417|4657|6613|6709|7025|4022|4604|5002|5132|5190|2814|2266|1755|777|872|7039|6325|5285|3891|1891|1969|2938|2939|3430|3433|646|657|2937|5775|4800|3899|3932|7098|6860|120|121|819|3226|2201|2202|2907|836|844|1448
35,174,3549,1231,3549|358|3152|3119|2687|2591|2135|2136|5113|5636|3849|4880|6169|6313|6698|4091|4099|4685|4798|5188|2487|2323|2282|2363|1812|49|54|769|1044|5909|5932|6395|5465|4430|1588|1592|1915|1934|2912|2790|3804|4046|4802|1381|1385|1196|1213|1215|3529|2325|2326|2845|5321|6545|6469|5987|5874|5763|5377|4748|4806|4186|4187|4349|6835|181|185|489|958|3204|3395|2477|2439|2294|2869|4071|4072|5586|395|394|141|971|979|798|1352|1464|1843|1883|1884|2059|2510|2558|2665|2999|3084|3354|3471|2089|2039|2041|2070|507|881|791|792|1231
35,175,3549,1596,3549|358|3152|3005|2989|2605|2570|2513|2514|2092|2093|2140|5122|3852|4420|4311|4417|4657|6613|6709|7025|4022|4604|5002|5132|5190|2814|2266|1755|777|872|7039|6325|5285|3891|1891|1969|2938|2939|3430|3433|646|657|2937|5775|4800|3899|3932|7098|6860|120|121|819|3226|2201|2202|2907|836|844|1448|1868|3048|2097|1997|2005|3277|961|920|840|841|1596
35,172,3549,6697,3549|358|3152|3005|2989|2605|2570|2513|2514|2092|2093|2140|5122|3852|4420|4311|4417|4657|6613|6709|7025|4022|4604|5002|5132|5190|2814|2266|1755|777|872|7039|6325|5285|3891|1891|1969|2938|2939|3430|3433|646|657|2937|5775|4800|3899|3932|7098|6860|120|121|819|3226|2201|2202|2907|836|844|1448|1868|3048|2097|1997|2005|3277|961|920|840|841|1596|1931|6387|1204|1121|1210|6697
35,173,3549,6391,3549|358|3152|3119|2687|2591|2135|2136|5113|5636|3849|4880|6169|6313|6698|4091|4099|4685|4798|5188|2487|2323|2282|2363|1812|49|54|769|1044|5909|5932|6395|5465|4430|1588|1592|1915|1934|2912|2790|3804|4046|4802|1381|1385|1196|1213|1215|3529|2325|2326|2845|5321|6545|6469|5987|5874|5763|5377|4748|4806|4186|4187|4349|6835|181|185|489|958|3204|3395|2477|2439|2294|2869|4071|4072|5586|395|394|141|971|979|798|1352|1464|1843|1883|1884|2059|2510|2558|2665|2999|3084|3354|3471|2089|2039|2041|2070|507|881|791|792|1598|1645|1644|6391
35,220,3549,6649,3549|3580|3581|3550|3192|3078|2987|2693|2694|2582|2569|2552|2542|2515|2114|2115|5106|5107|5584|4171|4172|4646|6060|6095|6219|6536|6984|4166|4026|4023|7174|6929|7189|6672|6670|6708|6947|6696|6923|6600|6649
35,221,3549,4103,3549|358|3152|3119|3004|2706|2705|2724|5136|5160|5656|4485|3881|3883|4688|4687|6733|6524|6525|6614|6615|7052|4199|4103
35,222,3549,5074,3549|358|3152|3119|3004|2706|2705|2724|2551|5194|2585|5034|5064|5121|5112|5119|5059|5060|5583|4691|4690|4174|3943|4175|6731|6127|6148|6707|4586|4835|5074
35,223,3549,998,3549|3580|3581|3550|3192|3078|2987|2693|2694|2582|2569|2552|2542|2515|2114|2115|5106|5107|5584|4171|4172|4646|6060|6095|6219|6560|4570|4606|3012|151|152|997|998
35,224,3549,5938,3549|358|3152|3119|2687|2591|2135|2136|5113|5636|3849|4880|6169|6313|6698|4091|4099|4685|4798|5188|2487|2323|2282|2363|1812|49|50|871|7044|7228|5938
35,225,3549,6325,3549|358|3152|3005|2989|2605|2570|2513|2514|2092|2093|2140|5122|3852|4420|4311|4417|4657|6613|6709|7025|4022|4604|5002|5132|5190|2814|2266|1755|777|872|7039|6325
35,226,3549,6337,3549|3580|3581|3550|3192|3078|2987|2693|2694|2582|2583|5037|2131|4491|4465|4466|4452|4648|4649|6556|4786|4763|4787|2562|434|435|6336|6337
35,227,3549,5297,3549|358|3152|3119|3004|2706|2705|2724|5136|5160|5656|4485|3881|3883|4688|4687|6733|6524|6525|6614|6615|7052|4199|4103|4549|4793|5102|5575|2840|2841|2272|1717|1720|33|32|436|7065|6320|6367|5265|5266|5297
35,228,3549,5477,3549|358|3152|3119|3004|2706|2705|2724|5136|5160|5656|4485|3881|3883|4688|4687|6733|6524|6525|6614|6615|7052|4199|4103|4549|4793|5102|5575|2840|2841|2272|1717|1716|203|204|414|6888|7047|6232|6416|5348|5403|5404|5693|5448|5477
35,188,3549,2904,3549|358|3152|3119|3004|2706|2705|2724|5136|5160|5656|4485|3881|3883|4688|4687|6733|6524|6525|6554|6309|6619|6673|6712|6909|4049|4051|4093|4030|4029|4034|4792|2799|2579|146|892|5908|3900|3901|1985|1933|1559|2331|3793|3819|4131|3482|3542|2904
35,229,3549,1910,3549|3580|3581|3550|3192|3078|2987|2693|2694|2582|2569|2552|2542|2515|2114|2115|5106|5107|5584|4171|4172|4646|6060|6095|6219|6560|4570|4606|3012|151|152|997|998|7068|7067|5901|5916|6339|5304|5306|5460|3949|1581|1533|1534|1910
35,187,3549,4044,3549|358|3152|3119|3004|2706|2705|2724|5136|5160|5656|4485|3881|3883|4688|4687|6733|6524|6525|6554|6309|6619|6673|6712|6909|4049|4051|4093|4030|4029|4034|4792|2799|2579|146|746|886|6390|5474|4456|1965|1977|2453|3447|3996|4719|4640|4641|5186|5187|1766|666|667|637|642|1161|2349|2350|2733|2730|2948|6026|5868|5828|5049|5040|4822|4044
35,189,3549,1461,3549|358|3152|3119|3004|2706|2705|2724|5136|5160|5656|4485|3881|3883|4688|4687|6733|6524|6525|6554|6309|6619|6673|6712|6909|4049|4051|4093|4030|4029|4034|4792|2799|2579|146|892|5908|3900|3901|1985|1933|1559|2331|3793|4132|4808|4820|1461
35,180,3549,1447,3549|358|3152|3119|2687|2591|2135|2136|5113|5636|3849|4880|6169|6313|6698|4091|4099|4685|4798|5188|2487|2323|2282|2363|1812|49|54|769|1044|5909|5932|6395|5465|4430|1588|1592|1915|1934|2912|3803|3927|4715|5582|5562|5894|5892|1895|677|678|3405|3475|3476|2393|2394|2832|6568|6068|5863|5821|5052|5053|4826|4235|4146|86|87|464|494|897|3453|3694|2900|4672|4130|4133|5757|69|130|775|796|1321|1474|1447
35,10,3549,3128,3549|358|3152|3005|2989|2605|2570|2513|2514|2092|2093|2140|5122|3852|4420|4311|4417|4657|6613|6709|7025|4022|4604|5002|5132|5190|2814|2266|1755|777|872|7039|6325|5285|3891|1891|1969|2938|2939|3430|3433|646|657|2937|5775|4800|3899|3932|7098|6860|120|121|819|3226|2201|2202|2907|836|844|1450|1900|2598|3519|2014|2008|3128
35,181,3549,5823,3549|358|3152|3119|2687|2591|2135|2136|5113|5636|3849|4880|6169|6313|6698|4091|4099|4685|4798|5188|2487|2323|2282|2363|1812|49|54|769|1044|5909|5932|6395|5465|4430|1588|1592|1915|1934|2912|3803|3927|4715|5582|5562|5894|5892|1895|677|678|3405|3475|3476|2393|2394|2832|6568|6068|5863|5821|5052|5053|4826|4235|4146|86|87|464|494|897|3453|3694|2900|4842|5823
35,182,3549,3290,3549|358|3152|3119|2687|2591|2135|2136|5113|5636|3849|4880|6169|6313|6698|4091|4099|4685|4798|5188|2487|2323|2282|2363|1812|49|54|769|1044|5909|5932|6395|5465|4430|1588|1592|1915|1934|2912|3803|3927|4715|5582|5562|5894|5892|1895|677|678|3405|3475|3476|2393|2394|2832|6568|6068|5863|5821|5052|5053|4826|4235|4146|86|87|552|3290
35,183,3549,896,3549|358|3152|3119|2687|2591|2135|2136|5113|5636|3849|4880|6169|6313|6698|4091|4099|4685|4798|5188|2487|2323|2282|2363|1812|49|54|769|1044|5909|5932|6395|5465|4430|1588|1592|1915|1934|2912|3803|3927|4715|5582|5562|5894|5892|1895|677|678|3405|3475|3476|2393|2394|2832|6568|6068|5863|5821|5052|5053|4826|4235|4146|86|87|464|494|896
35,184,3549,1806,3549|358|3152|3119|3004|2706|2705|2724|5136|5160|5656|4485|3881|3883|4688|4687|6733|6524|6525|6554|6309|6619|6673|6712|6909|4049|4051|4093|4030|4029|4034|4792|2799|2579|146|892|5908|3900|3901|1985|1933|1559|1557|4000|5481|5467|1531|1805|1806
35,185,3549,3732,3549|358|3152|3119|3004|2706|2705|2724|5136|5160|5656|4485|3881|3883|4688|4687|6733|6524|6525|6554|6309|6619|6673|6712|6909|4049|4051|4093|4030|4029|4034|4792|2799|2579|146|892|5908|3900|3901|1985|1933|1559|2331|3793|3819|4131|3482|3542|1850|1867|3732
35,186,3549,506,3549|358|3152|3119|2687|2591|2135|2136|5113|5636|3849|4880|6169|6313|6698|4091|4099|4685|4798|5188|2487|2323|2282|2363|1812|49|54|769|1044|5909|5932|6395|5465|4430|1588|1592|1915|1934|2912|3803|3927|4715|5582|5562|5894|5892|1895|677|678|3405|3475|3476|2393|2394|2832|6568|5869|5384|3867|3866|292|468|467|813|505|506
35,116,3549,4150,3549|3580|3581|3550|3192|3078|2987|2693|2694|2582|2583|5037|2131|4491|4465|4466|4452|4648|4649|6556|4786|5018|2601|416|417|1046|5934|5933|5284|5311|1526|1544|1953|2340|3091|3496|3415|3416|3754|3760|3929|4079|4016|5026|4717|4716|4729|1386|1387|634|1184|2463|2457|2458|2743|6635|6634|6585|6486|6483|4755|4063|3858|4097|4288|4280|4150
35,79,3549,4517,3549|3580|3581|3550|3192|3078|2987|2693|2694|2582|2569|2552|2542|2640|2567|2686|3134|3169|3070|2707|2700|2701|3604|363|327|378|377|428|465|6980|6841|6511|6508|5365|5979|5978|5733|4985|4910|4539|4517
35,117,3549,2406,3549|358|3152|3005|2989|2605|2570|2513|2514|2092|2093|2140|5122|3852|4420|4311|4417|4657|6613|6709|7025|4022|4604|5002|5132|5190|2814|2266|1755|777|872|7039|6325|5285|3891|1891|1969|1737|2427|3099|2456|3448|5032|5155|5888|1487|1485|1788|1819|1876|659|661|1149|3484|2406
35,78,3549,7115,3549|3580|3581|3550|3192|3078|2987|2693|2694|2582|2569|2552|3018|488|487|360|6772|6594|5787|3320|3321|3661|3664|5009|3318|3744|4012|3974|3973|7115
35,114,3549,4894,3549|358|3152|3005|2989|2605|2570|2513|2514|2092|2093|2140|5122|3852|4420|4311|4417|4657|6613|6709|7025|4022|4604|5002|5132|5190|2814|2266|1755|777|872|7039|6325|5285|3891|1891|1969|1737|2427|3099|3450|5030|5555|1778|647|648|3332|2233|2247|2742|2970|6512|6472|5822|5099|4775|5101|4923|4894
35,77,3549,5165,3549|3580|3581|3550|3192|3078|2987|2693|2694|2582|2569|2552|2542|2640|2567|2686|3134|3169|3070|2707|2700|2701|3604|363|362|6463|5144|4958|5141|5166|4959|5165
35,115,3549,3855,3549|3580|3581|3550|3192|3078|2987|2693|2694|2582|2583|5037|2131|4491|4465|4466|4452|4648|4649|6556|4786|5018|2601|416|417|1046|5934|5933|5284|5311|1526|1544|1953|2340|3091|3496|3415|3416|3754|3760|3929|4079|4016|5026|4717|4716|4729|1386|1387|634|1184|2463|2457|2458|2743|6635|6634|6585|6486|5990|3855
35,112,3549,4744,3549|3580|3581|3550|3192|3078|2987|2693|2694|2582|2583|5037|2131|4491|4465|4466|4452|4648|4649|6556|4786|5018|2601|416|417|1046|5934|5933|5284|5311|1526|1544|1953|2340|3091|3496|3415|3416|3754|3760|3929|4079|4016|5026|4717|4716|4729|1386|1387|634|1184|2463|2457|2458|2743|6635|6634|6585|6486|5990|3854|3877|126|129|967|3279|3682|2411|2245|2246|2767|2975|4753|4750|4272|4182|4744
35,113,3549,4086,3549|358|3152|3005|2989|2605|2570|2513|2514|2092|2093|2140|5122|3852|4420|4311|4417|4657|6613|6709|7025|4022|4604|5002|5132|5190|2814|2266|1755|777|872|7039|6325|5285|3891|1891|1969|1737|2427|3099|3450|5030|5555|1778|647|648|3332|2233|2247|2821|6621|6513|6047|5289|4085|4086
35,110,3549,2955,3549|358|3152|3005|2989|2605|2570|2513|2514|2092|2093|2140|5122|3852|4420|4311|4417|4657|6613|6709|7025|4022|4604|5002|5132|5190|2814|2266|1755|777|872|7039|6325|5285|3891|1891|1969|1737|2427|3099|3450|5030|5555|1778|647|648|3332|2233|2247|2821|6621|6513|6047|5289|4085|4086|4269|7079|256|257|536|1012|3671|2190|2191|2955
35,111,3549,2868,3549|358|3152|3005|2989|2605|2570|2513|2514|2092|2093|2140|5122|3852|4420|4311|4417|4657|6613|6709|7025|4022|4604|5002|5132|5190|2814|2266|1755|777|872|7039|6325|5285|3891|1891|1969|1737|2427|3099|3450|5030|5555|1778|647|648|3332|2233|2247|2821|6621|6513|6048|5722|5313|4776|4332|6869|6870|6836|766|783|1192|3207|3436|2359|2364|2404|2868
35,118,3549,690,3549|3580|3581|3550|3192|3078|2987|2693|2694|2582|2583|5037|2131|4491|4465|4466|4452|4648|4649|6556|4786|5018|2601|416|417|1046|5934|5933|5284|5311|1526|1544|1953|2340|3091|3496|3415|3416|3754|3760|3929|4079|4016|5026|4717|4716|4729|1386|1387|634|606|704|690
35,119,3549,2789,3549|3580|3581|3550|3192|3078|2987|2693|2694|2582|2583|5037|2131|4491|4465|4466|4452|4648|4649|6556|4786|5018|2601|416|417|1046|5934|5933|5284|5311|1526|1544|1953|2340|3091|3496|3415|3416|3754|3760|3929|4079|4016|5026|4717|4716|4729|1386|1387|634|606|704|690|669|1151|3441|2161|2167|2450|2400|2401|2729|2929|2789
35,82,3549,1707,3549|3580|3581|3550|3192|3078|2987|2693|2694|2582|2569|2552|3018|488|487|360|6772|6594|5787|3320|3321|3661|4074|6803|6802|6913|6478|6304|6481|6212|6272|6623|6476|6474|6611|6154|6074|1219|1707
35,83,3549,833,3549|3580|3581|3550|3192|3078|2987|2693|2694|2582|2569|2552|3018|488|487|360|6772|6594|5787|3320|3321|3661|3664|5009|3318|3744|4012|3974|3973|7056|6953|6952|6529|1706|6157|1623|1305|1329|1206|833
35,80,3549,6657,3549|3580|3581|3550|3192|3078|2987|2693|2694|2582|2569|2552|3018|488|487|360|6772|6594|5787|3320|3321|3661|3664|5009|3318|3744|4012|3974|3973|7115|7055|6908|7027|6986|6581|6626|6612|7011|6657
35,81,3549,1682,3549|3580|3581|3550|3192|3078|386|385|404|446|6464|6425|5783|4926|4441|3234|3935|4607|6955|6301|6265|1176|1282|1606|1653|1654|1682
35,86,3549,5284,3549|3580|3581|3550|3192|3078|2987|2693|2694|2582|2583|5037|2131|4491|4465|4466|4452|4648|4649|6556|4786|5018|2601|416|417|1046|5934|5933|5284
35,87,3549,551,3549|3580|3581|3550|3192|3078|2987|2693|2694|2582|2569|2552|2542|2515|2122|5129|5181|4423|4424|4440|4950|6230|6275|4764|4765|2559|2357|10|473|551
35,84,3549,301,3549|3580|3581|3550|3192|3078|386|385|404|446|6464|6425|5783|4926|4441|3234|3935|4607|6955|6301|6265|1176|1282|1172|711|228|301
35,85,3549,5726,3549|3580|3581|3550|3192|3078|386|385|404|446|6464|6425|5783|4926|4441|3234|3935|4607|6955|6301|6265|1176|275|712|231|227|4932|4373|4363|4354|4355|4483|4706|4402|4394|4393|4447|5726
35,67,3549,525,3549|3580|3581|3550|3192|3078|2987|2693|2694|2582|2569|3080|3561|529|525
35,125,3549,3564,3549|358|3152|3119|2687|2591|2135|2136|5113|5636|3849|4880|6169|6313|6698|4091|4099|4685|4798|5188|2487|2323|2282|2363|1812|49|54|769|1044|5909|5932|6395|5465|4430|1588|1592|1915|1934|2912|2790|3804|4046|4802|1381|1385|1196|1213|1215|3529|2325|2326|2845|5321|6545|6469|5987|5874|5763|5377|4748|4806|4186|4187|4349|7128|6769|67|68|37|461|921|848|1212|3209|3627|2212|2206|2207|2297|2298|2880|2881|4236|4116|4117|7184|605|135|139|1041|1476|1853|2641|3564
35,66,3549,6115,3549|3580|357|387|409|7019|6573|6465|5955|5954|4886|4838|4300|4387|4254|3249|3311|3377|3741|4602|7109|6748|6484|6485|6123|1792|1243|1188|953|951|756|734|305|304|4401|4939|4366|4496|5352|5336|5333|5498|6380|6165|6160|6245|6119|6115
35,126,3549,2997,3549|358|3152|3119|2687|2591|2135|2136|5113|5636|3849|4880|6169|6313|6698|4091|4099|4685|4798|5188|2487|2323|2282|2363|1812|49|54|769|1044|5909|5932|6395|5465|4430|1588|1592|1915|1934|2912|2790|3804|4046|4802|1381|1385|1196|1213|1215|3529|2325|2326|2845|5321|6545|6469|5987|5874|5763|5377|4748|4806|4186|4187|4349|6835|181|185|489|958|3204|3395|2477|2439|2294|2869|4661|4331|4231|4230|7154|390|140|176|990|1377|1834|1772|1775|1855|2023|2047|2633|2634|2997
35,69,3549,2678,3549|3580|3581|3550|3192|3078|2987|2693|2694|2582|2569|2552|2542|2640|2567|2686|3134|3169|3070|2707|2700|2701|3604|363|327|2697|2678
35,127,3549,2630,3549|358|3152|3119|2687|2591|2135|2136|5113|5636|3849|4880|6169|6313|6698|4091|4099|4685|4798|5188|2487|2323|2282|2363|1812|49|54|769|1044|5909|5932|6395|5465|4430|1588|1592|1915|1934|2912|2790|3804|4046|4802|1381|1385|1196|1213|1215|3529|2325|2326|2845|5321|6545|6469|5987|5874|5763|5377|4748|4806|4186|4187|4349|6835|181|185|489|958|3204|3395|2477|2439|2294|2869|4071|4072|5586|395|394|141|971|979|798|1352|1464|1843|1883|1884|2059|2510|2558|2665|2999|3084|3354|3520|2121|2031|2072|2630
35,68,3549,3320,3549|3580|3581|3550|3192|3078|2987|2693|2694|2582|2569|2552|3018|488|487|360|6772|6594|5787|3320
35,128,3549,180,3549|358|3152|3119|2687|2591|2135|2136|5113|5636|3849|4880|6169|6313|6698|4091|4099|4685|4798|5188|2487|2323|2282|2363|1812|49|54|769|1044|5909|5932|6395|5465|4430|1588|1592|1915|1934|2912|2790|3804|4046|4802|1381|1385|1196|1213|1215|3529|2325|2326|2845|5321|6545|6469|5987|5874|5763|5377|4748|4806|4186|4187|4349|6835|181|185|489|958|3204|3395|2477|2290|2291|2808|4144|4145|5671|7155|122|328|759|1146|1787|1852|2013|3007|3350|3527|2177|2054|2060|2690|2691|3157|3655|180
35,121,3549,3456,3549|3580|3581|3550|3192|3078|2987|2693|2694|2582|2583|5037|2131|4491|4465|4466|4452|4648|4649|6556|4786|5018|2601|416|417|936|5937|6209|4418|1566|1703|2485|3456
35,122,3549,4025,3549|3580|3581|3550|3192|3078|2987|2693|2694|2582|2583|5037|2131|4491|4465|4466|4452|4648|4649|6556|4786|5018|2601|416|417|1046|5934|5933|5284|5311|1526|1544|1953|2340|3091|3496|3415|3416|3754|3760|3929|4025
35,123,3549,1438,3549|3580|3581|3550|3192|3078|2987|2693|2694|2582|2583|5037|2131|4491|4465|4466|4452|4648|4649|6556|4786|5018|2601|416|417|1046|5934|5933|5284|5311|1526|1544|1953|2340|3091|3496|3415|3416|3754|3760|3764|3860|3976|4134|4714|4734|5150|5143|5646|5647|5126|1400|1336|1344|1345|1438
35,124,3549,3800,3549|3580|3581|3550|3192|3078|2987|2693|2694|2582|2569|2552|2542|2515|2122|5129|5181|4423|4424|4440|4950|6230|6275|4764|4765|2559|2357|10|473|5919|5237|5239|5672|5754|1591|1615|4276|1946|2172|2431|2805|3513|3532|3800
35,129,3549,38,3549|358|3152|3119|2687|2591|2135|2136|5113|5636|3849|4880|6169|6313|6698|4091|4099|4685|4798|5188|2487|2323|2282|2363|1812|49|54|769|1044|5909|5932|6395|5465|4430|1588|1592|1915|1934|2912|2790|3804|4046|4802|1381|1385|1196|1213|1215|3529|2325|2326|2845|5321|6545|6469|5987|5874|5763|5377|4748|4806|4186|4187|4349|6835|181|185|489|958|3204|3395|2477|2439|2294|2869|4661|4331|4231|4233|4283|4158|5589|5590|38
35,70,3549,523,3549|3580|3581|3550|3192|3078|2987|2693|2694|2582|2569|2552|2542|2640|2567|2686|3134|3169|3070|2707|2700|2701|3604|363|327|378|377|428|465|523
35,71,3549,2537,3549|3580|3581|3550|3192|3078|2987|2693|2694|2582|2569|2552|2542|2640|2567|2686|3134|3169|3070|2707|2700|2701|3604|363|327|2697|2713|2127|2116|2110|2537
35,120,3549,541,3549|3580|3581|3550|3192|3078|2987|2693|2694|2582|2583|5037|2131|4491|4465|4466|4452|4648|4649|6556|4786|5018|2601|416|417|1046|5934|5933|5284|5311|1526|1544|1953|2340|3091|3496|3415|3416|3754|3760|3764|3860|3976|4134|4714|4734|5150|5143|5646|5647|5126|1400|1336|1344|1345|1438|1507|1440|598|599|644|656|618|541
35,72,3549,383,3549|3580|3581|3550|3192|3078|2987|2693|2694|2582|2569|2552|2542|2640|2567|2686|3134|3169|3070|2707|2700|2701|3604|363|327|378|377|428|465|523|7121|355|383
35,73,3549,5008,3549|3580|3581|3550|3192|3078|386|385|404|446|6464|6425|5783|4926|4441|4887|3379|3367|3342|5008
35,74,3549,6480,3549|3580|3581|3550|3192|3078|2987|2693|2694|2582|2569|2552|3018|488|487|360|6772|6594|5787|3320|3321|3661|4074|6803|6802|6913|6480
35,75,3549,6885,3549|3580|3581|3550|3192|3078|2987|2693|2694|2582|2569|2552|3018|488|487|360|6772|6594|5787|3320|3321|3661|4074|6803|6828|6800|6885
35,76,3549,5283,3549|3580|3581|3550|3192|3078|2987|2693|2694|2582|2569|2552|2542|2640|2567|2686|3134|3169|3070|2707|2700|2701|3604|363|362|6463|5144|4958|5141|5283
35,134,3549,2210,3549|358|3152|3005|2989|2605|2570|2513|2514|2092|2093|2140|5122|3852|4420|4311|4417|4657|6613|6709|7025|4022|4604|5002|5132|5190|2814|2266|1755|777|872|7039|6325|5285|3891|1891|1969|2938|2939|3430|3433|646|657|2937|5775|4800|3899|3863|3865|101|588|2210
35,135,3549,4770,3549|358|3152|3119|2687|2591|2135|2136|5113|5636|3849|4880|6169|6313|6698|4091|4099|4685|4798|5188|2487|2323|2282|2363|1812|49|54|769|1044|5909|5932|6395|5465|4430|1588|1592|1915|1934|2912|3803|3927|4715|5582|1366|1437|1432|1211|1065|1074|3431|2433|2418|2409|2381|2382|2778|5235|5300|6570|6056|6004|6005|5818|5681|5699|5702|5071|4780|4770
35,132,3549,3196,3549|358|3152|3119|2687|2591|2135|2136|5113|5636|3849|4880|6169|6313|6698|4091|4099|4685|4798|5188|2487|2323|2282|2363|1812|49|54|769|1044|5909|5932|6395|5465|4430|1588|1592|1915|1934|2912|2790|3804|4046|4802|1381|1385|1196|1213|1215|3529|2325|2326|2845|5321|6545|6469|5987|5874|5763|5377|4748|4806|4186|4187|4349|7128|6769|67|68|37|461|921|848|1212|3196
35,59,3549,6641,3549|3580|357|387|409|7019|6573|6465|5955|5954|4886|4838|4300|4387|4254|3249|3311|3377|3741|4602|7109|6748|6484|6485|6123|1792|1243|1188|953|730|696|695|237|236|4869|4712|4471|4450|4504|5721|5342|5339|5493|5476|5475|6369|6370|6641
35,133,3549,3395,3549|358|3152|3119|2687|2591|2135|2136|5113|5636|3849|4880|6169|6313|6698|4091|4099|4685|4798|5188|2487|2323|2282|2363|1812|49|54|769|1044|5909|5932|6395|5465|4430|1588|1592|1915|1934|2912|2790|3804|4046|4802|1381|1385|1196|1213|1215|3529|2325|2326|2845|5321|6545|6469|5987|5874|5763|5377|4748|4806|4186|4187|4349|6835|181|185|489|958|3204|3395
35,58,3549,6701,3549|3580|357|387|409|7019|6573|6465|5955|5954|4886|4838|4300|4387|4254|3249|3311|3377|3741|4602|7109|6748|6484|6485|6123|1792|1243|1188|953|730|696|695|237|236|4869|4701|4328|4327|4528|4505|5719|5843|5382|5370|5473|5472|6361|6701
35,138,3549,2740,3549|358|3152|3119|2687|2591|2135|2136|5113|5636|3849|4880|6169|6313|6698|4091|4099|4685|4798|5188|2487|2323|2282|2363|1812|49|54|769|1044|5909|5932|6395|5465|4430|1588|1592|1915|1934|2912|3803|3927|4715|5582|1366|1437|1432|1211|1065|1074|3431|3489|3716|2496|2361|2334|2335|2740
35,57,3549,5382,3549|3580|357|387|409|7019|6573|6465|5955|5954|4886|4838|4300|4387|4254|3249|3311|3377|3741|4602|7109|6748|6484|6485|6123|1792|1243|1188|953|730|696|695|237|236|4869|4701|4328|4327|4528|4505|5719|5843|5382
35,139,3549,2259,3549|358|3152|3119|2687|2591|2135|2136|5113|5636|3849|4880|6169|6313|6698|4091|4099|4685|4798|5188|2487|2323|2282|2363|1812|49|54|769|1044|5909|5932|6395|5465|4430|1588|1592|1915|1934|2912|3803|3927|4715|5582|1366|1437|1108|1107|1162|3392|3537|3748|3763|2259
35,56,3549,5334,3549|3580|357|387|409|7019|6573|6465|5955|5954|4886|4838|4300|4387|4254|3249|3311|3377|3741|4602|7109|6748|6484|6485|6123|1792|1243|1188|953|951|756|734|305|304|4401|4939|4366|4496|5352|5336|5333|5334
35,136,3549,4831,3549|358|3152|3119|2687|2591|2135|2136|5113|5636|3849|4880|6169|6313|6698|4091|4099|4685|4798|5188|2487|2323|2282|2363|1812|49|54|769|1044|5909|5932|6395|5465|4430|1588|1592|1915|1934|2912|2790|3804|4046|4802|1381|1385|1196|1213|1215|3529|2325|2326|2845|5321|6545|6469|5987|5874|5763|5377|5089|4831
35,55,3549,4472,3549|3580|3581|3550|3192|3078|386|385|404|446|6464|6425|5783|4926|4441|3234|3935|4607|6955|6301|6603|6179|1724|1696|1315|914|741|303|347|4265|4264|4472
35,137,3549,5319,3549|358|3152|3119|2687|2591|2135|2136|5113|5636|3849|4880|6169|6313|6698|4091|4099|4685|4798|5188|2487|2323|2282|2363|1812|49|54|769|1044|5909|5932|6395|5465|4430|1588|1592|1915|1934|2912|2790|3804|4046|4802|1381|1385|1196|1216|3396|2355|2356|2930|2958|5274|5277|5860|5859|5076|5080|5252|5290|5319
35,64,3549,6996,3549|3580|357|387|409|7019|6573|6465|5955|5954|4886|4838|4300|4387|4254|3249|3311|3377|3741|4602|7109|6748|6484|6485|6123|1792|1243|1188|953|951|756|734|305|304|4401|4939|4366|4496|5352|5336|5333|5509|5508|6652|6677|6324|6322|6996
35,65,3549,5489,3549|3580|3581|3550|3192|3078|386|385|404|446|6464|6425|5783|4926|4441|3234|3935|4607|6955|6301|6265|1176|275|274|4358|4318|4536|5369|5471|5487|5489
35,62,3549,6676,3549|3580|357|387|409|7019|6573|6465|5955|5954|4886|4838|4300|4387|4254|3249|3311|3377|3741|4602|7109|6748|6484|6485|6123|1792|1243|1188|953|951|756|734|305|304|4401|4375|4449|4513|5777|5548|5380|5379|5519|5486|5485|6675|6676
35,63,3549,7171,3549|3580|357|387|409|7019|6573|6465|5955|5954|4886|4838|4300|4387|4254|3249|3311|3377|3741|4602|7109|6748|6484|6485|6123|1792|1243|1188|953|730|696|695|237|236|4869|4712|4471|4450|4504|5721|5342|5339|5493|5492|6375|6639|6185|6184|6267|6246|6332|6328|7192|7156|7136|7135|7171
35,60,3549,5777,3549|3580|357|387|409|7019|6573|6465|5955|5954|4886|4838|4300|4387|4254|3249|3311|3377|3741|4602|7109|6748|6484|6485|6123|1792|1243|1188|953|951|756|734|305|304|4401|4375|4449|4513|5777
35,131,3549,1007,3549|358|3152|3119|2687|2591|2135|2136|5113|5636|3849|4880|6169|6313|6698|4091|4099|4685|4798|5188|2487|2323|2282|2363|1812|49|54|769|1044|5909|5932|6395|5465|4430|1588|1592|1915|1934|2912|3803|3927|4715|5582|1366|1437|1432|1211|1065|1074|3431|2433|2434|2965|5209|6940|6517|6065|6033|5779|5838|5041|4767|4121|4122|6768|30|31|1007
35,61,3549,5520,3549|3580|357|387|409|7019|6573|6465|5955|5954|4886|4838|4300|4387|4254|3249|3311|3377|3741|4602|7109|6748|6484|6485|6123|1792|1243|1188|953|951|756|734|305|304|4401|4375|4365|4451|5846|5438|5520
35,130,3549,2027,3549|358|3152|3005|2989|2605|2570|2513|2514|2092|2093|2140|5122|3852|4420|4311|4417|4657|6613|6709|7025|4022|4604|5002|5132|5190|2814|2266|1755|777|872|7039|6325|5285|3891|1891|1969|2938|2939|3430|3433|646|657|2937|5775|4800|3899|3863|3865|101|588|2210|2491|4900|5826|220|311|864|1414|1825|1845|2025|2027
35,49,3549,715,3549|358|354|336|423|6972|6492|5953|5948|5982|4908|4521|3224|3221|3250|3339|3651|3975|4582|6823|6938|6680|1723|1722|1607|1239|830|715
35,143,3549,591,3549|358|3152|3119|2687|2591|2135|2136|5113|5636|3849|4880|6169|6313|6698|4091|4099|4685|4798|5188|2487|2323|2282|2363|1812|49|54|769|1044|5909|5932|6395|5465|4430|1588|1592|1915|1934|2912|3803|3927|4715|5582|1366|1437|1432|591
35,48,3549,23,3549|358|354|336|423|6972|6492|5953|5948|5982|4908|4521|3224|3221|3250|3339|3651|3259|3658|3683|3684|3940|3939|4546|4561|7002|6678|6281|6235|6064|1246|1328|929|700|831|744|721|23
35,144,3549,1502,3549|358|3152|3119|2687|2591|2135|2136|5113|5636|3849|4880|6169|6313|6698|4091|4099|4685|4798|5188|2487|2323|2282|2363|1812|49|54|769|1044|5909|5932|6395|5465|4430|1588|1592|1915|1934|2912|3803|3927|4715|5582|1366|1342|1343|1502
35,145,3549,1393,3549|358|3152|3119|2687|2591|2135|2136|5113|5636|3849|4880|6169|6313|6698|4091|4099|4685|4798|5188|2487|2323|2282|2363|1812|49|54|769|1044|5909|5932|6395|5465|4430|1588|1592|1915|1934|2912|2790|3804|4046|4802|1381|1379|1392|1393
35,146,3549,5176,3549|358|3152|3005|2989|2605|2570|2513|2514|2092|2093|2140|5122|3852|4420|4311|4417|4657|6613|6709|7025|4022|4604|5002|5132|5190|2814|2266|1755|777|872|7039|6325|5285|3891|1891|1969|2938|2939|3429|3829|3869|4732|4733|5176
35,45,3549,4212,3549|358|354|336|351|350|451|526|574|6964|7004|7118|7005|6973|6762|6783|6853|6453|6456|6500|6414|6591|6406|6000|5957|5961|5962|5963|5964|5813|6436|6446|6433|6015|5147|4213|4212
35,147,3549,3996,3549|358|3152|3119|3004|2706|2705|2724|5136|5160|5656|4485|3881|3883|4688|4687|6733|6524|6525|6554|6309|6619|6673|6712|6909|4049|4051|4093|4030|4029|4034|4792|2799|2579|146|746|886|6390|5474|4456|1965|1977|2453|3447|3996
35,44,3549,6482,3549|3580|357|387|409|7019|6573|5977|5976|5616|5735|5280|5655|5455|4904|4934|4525|4299|3257|3254|3365|3706|3705|3725|4020|4019|4581|4580|6482
35,148,3549,4112,3549|358|3152|3119|3004|2706|2705|2724|5136|5160|5656|4485|3881|3883|4688|4687|6733|6524|6525|6614|6615|7052|4199|4103|4549|4793|5102|5575|2840|2841|2272|1717|1716|203|204|414|6888|6222|6223|5296|5345|3925|1522|1537|2574|3553|3774|3776|3905|4112
35,47,3549,6062,3549|358|354|336|351|350|451|526|574|6964|7004|7118|7005|6973|6850|6761|6509|6495|5758|5668|5214|5213|4295|4247|4246|4352|4444|3213|3368|3679|3677|3722|3740|3931|6691|4629|7117|7000|6764|6763|6686|6470|6118|6062
35,149,3549,3761,3549|358|3152|3119|3004|2706|2705|2724|5136|5160|5656|4485|3881|3883|4688|4687|6733|6524|6525|6614|6615|7052|4199|4103|4549|4793|5102|5575|2840|2841|2272|1717|1716|203|204|414|6888|6222|6223|5296|5345|3925|1522|1537|2574|3553|3774|3761
35,46,3549,732,3549|358|354|336|423|6972|6492|5953|5948|5982|4908|4521|3224|3221|3250|3339|3651|3259|3658|3683|3684|3940|3939|4546|4561|7002|6678|6281|6266|6294|1684|1683|1719|1237|1604|1244|1259|1205|752|732
35,51,3549,953,3549|3580|357|387|409|7019|6573|6465|5955|5954|4886|4838|4300|4387|4254|3249|3311|3377|3741|4602|7109|6748|6484|6485|6123|1792|1243|1188|953
35,52,3549,1650,3549|3580|3581|3550|3192|3078|386|385|404|446|6464|6425|5738|4909|3233|3232|3637|4004|4553|6661|6630|6631|6190|1651|1650
35,53,3549,742,3549|3580|357|387|409|7019|6573|6465|5955|5954|4886|4838|4300|4387|4254|3249|3311|3377|3741|4602|7109|6748|6484|6485|6123|1792|1243|1188|953|951|756|743|235|273|739|707|742
35,54,3549,914,3549|3580|3581|3550|3192|3078|386|385|404|446|6464|6425|5783|4926|4441|3234|3935|4607|6955|6301|6603|6179|1724|1696|1315|914
35,140,3549,2746,3549|358|3152|3119|2687|2591|2135|2136|5113|5636|3849|4880|6169|6313|6698|4091|4099|4685|4798|5188|2487|2323|2282|2363|1812|49|54|769|1044|5909|5932|6395|5465|4430|1588|1592|1915|1934|2912|2790|3804|4046|4802|1381|1385|1196|1216|3396|2355|2356|2746
35,142,3549,1467,3549|358|3152|3119|3004|2706|2705|2724|5136|5160|5656|4485|3881|3883|4688|4687|6733|6524|6525|6554|6309|6619|6673|6712|6909|4049|4051|4093|4030|4029|4034|4792|2799|2579|146|746|886|6390|5474|4456|1965|1977|2453|3447|4003|4730|5174|5175|5177|1467
35,141,3549,2749,3549|358|3152|3005|2989|2605|2570|2513|2514|2092|2093|2140|5122|3852|4420|4311|4417|4657|6613|6709|7025|4022|4604|5002|5132|5190|2814|2266|1755|777|872|7039|6325|5285|3891|1891|1969|2938|2939|3430|3433|646|657|2749
35,50,3549,5720,3549|358|354|336|423|6972|6492|5953|5948|5982|4908|4521|3224|3221|3250|3339|3651|3259|3658|3683|3684|3940|3939|4546|4561|7002|6678|6281|6235|6064|1246|1328|929|874|710|239|238|4310|5772|5720
35,109,3549,2758,3549|358|3152|3005|2989|2605|2570|2513|2514|2092|2093|2140|5122|3852|4420|4311|4417|4657|6613|6709|7025|4022|4604|5002|5132|5190|2814|2266|1755|777|872|7039|6325|5285|3891|1891|1969|1737|2427|3099|3450|5030|5555|1778|647|648|3332|2233|2247|2821|6621|6513|6048|5722|5313|5287|5288|197|199|580|801|3258|3434|2222|2445|2902|4177|4178|565|566|1460|2044|2576|3025|3187|3466|2758
35,108,3549,371,3549|358|3152|3005|2989|2605|2570|2513|2514|2092|2093|2140|5122|3852|4420|4311|4417|4657|6613|6709|7025|4022|4604|5002|5132|5190|2814|2266|1755|777|872|7039|6325|5285|3891|1891|1969|1737|2427|3099|3450|5030|5555|1778|647|648|3332|2233|2247|2821|6621|6513|6047|5289|4085|4086|4269|7079|256|257|536|1012|3671|2190|2191|2955|4431|5741|5740|195|196|1405|2057|2056|2676|371
35,107,3549,3128,3549|358|3152|3005|2989|2605|2570|2513|2514|2092|2093|2140|5122|3852|4420|4311|4417|4657|6613|6709|7025|4022|4604|5002|5132|5190|2814|2266|1755|777|872|7039|6325|5285|3891|1891|1969|2938|2939|3430|3433|646|657|2937|5775|4800|3899|3932|7098|6860|120|121|819|3226|2201|2202|2907|836|844|1450|1900|2598|3519|2014|2008|3128
35,106,3549,2698,3549|358|3152|3005|2989|2605|2570|2513|2514|2092|2093|2140|5122|3852|4420|4311|4417|4657|6613|6709|7025|4022|4604|5002|5132|5190|2814|2266|1755|777|872|7039|6325|5285|3891|1891|1969|2938|2939|3430|3433|646|657|2937|5775|4800|3899|3932|7098|6860|120|121|819|3226|2201|2202|2907|836|844|1450|1900|2598|3556|2698
35,105,3549,1289,3549|358|3152|3005|2989|2605|2570|2513|2514|2092|2093|2140|5122|3852|4420|4311|4417|4657|6613|6709|7025|4022|4604|5002|5132|5190|2814|2266|1755|777|872|7039|6325|5285|3891|1891|1969|1737|2427|3099|3450|5030|5555|1778|647|648|3332|2233|2247|2821|6621|6513|6048|5722|5313|5287|5288|197|199|580|801|3258|3434|2222|2445|2902|4177|4178|565|566|1460|2044|2576|3025|3187|3466|2758|2663|3131|803|818|1289
35,104,3549,1266,3549|358|3152|3005|2989|2605|2570|2513|2514|2092|2093|2140|5122|3852|4420|4311|4417|4657|6613|6709|7025|4022|4604|5002|5132|5190|2814|2266|1755|777|872|7039|6325|5285|3891|1891|1969|1737|2427|3099|3450|5030|5555|1778|647|648|3332|2233|2247|2821|6621|6513|6048|5722|5313|5287|5288|197|199|580|801|3258|3434|2222|2445|2902|4177|4178|565|566|1460|2044|2576|3025|3187|3466|2758|2663|3131|190|192|816|1266
35,103,3549,1288,3549|358|3152|3005|2989|2605|2570|2513|2514|2092|2093|2140|5122|3852|4420|4311|4417|4657|6613|6709|7025|4022|4604|5002|5132|5190|2814|2266|1755|777|872|7039|6325|5285|3891|1891|1969|2938|2939|3430|3433|646|657|2937|5775|4800|3899|3932|7098|6860|120|121|819|3226|2201|2202|2907|836|844|1450|1900|2598|3556|2698|2699|3160|3602|94|98|946|891|894|1586|1287|1288
35,102,3549,1618,3549|358|3152|3005|2989|2605|2570|2513|2514|2092|2093|2140|5122|3852|4420|4311|4417|4657|6613|6709|7025|4022|4604|5002|5132|5190|2814|2266|1755|777|872|7039|6325|5285|3891|1891|1969|2938|2939|3430|3433|646|657|2937|5775|4800|3899|3932|7098|6860|120|121|819|3226|2201|2202|2907|836|844|1450|1900|2598|3519|2014|2008|3128|493|492|1618
35,99,3549,4700,3549|3580|3581|3550|3192|3078|2987|2693|2694|2582|2569|2552|2542|2515|2114|2115|5106|5107|5584|4171|4172|4646|6060|4975|4960|4953|6734|4930|6738|3884|4018|4694|4700
35,101,3549,4606,3549|3580|3581|3550|3192|3078|2987|2693|2694|2582|2569|2552|2542|2515|2114|2115|5106|5107|5584|4171|4172|4646|6060|6095|6219|6560|4570|4606
35,100,3549,2153,3549|3580|3581|3550|3192|3078|2987|2693|2694|2582|2569|2552|2542|2515|2114|2115|5106|5107|2715|5595|4477|4329|4330|5225|2129|2111|5630|2538|2532|5061|2566|5094|2535|2153
35,98,3549,2920,3549|3580|3581|3550|3192|3078|2987|2693|2694|2582|2569|2552|2542|2515|2114|2115|5106|5107|5584|4171|4172|4646|6060|6095|6219|6536|6984|4166|4164|4024|4645|5006|5007|4746|4752|5077|2919|2920
35,97,3549,6213,3549|3580|3581|3550|3192|3078|2987|2693|2694|2582|2569|2552|2542|2515|2114|2115|5106|5107|5584|4171|4172|4646|6060|6095|6219|6290|6276|6173|6271|6167|6259|6260|6213
35,96,3549,6290,3549|3580|3581|3550|3192|3078|2987|2693|2694|2582|2569|2552|2542|2515|2114|2115|5106|5107|5584|4171|4172|4646|6060|6095|6219|6290
35,95,3549,4940,3549|3580|3581|3550|3192|3078|2987|2693|2694|2582|2569|2552|2542|2515|2122|5129|5181|4423|4424|4440|4950|4940
35,94,3549,7071,3549|3580|3581|3550|3192|3078|2987|2693|2694|2582|2569|2552|2542|2515|2114|2115|5106|5107|5584|4171|4172|4646|6060|6095|6219|6536|6984|4166|4164|4024|5058|5087|5587|2798|1816|508|509|827|7040|7062|7201|7071
35,93,3549,1839,3549|3580|3581|3550|3192|3078|2987|2693|2694|2582|2569|2552|2542|2515|2114|2115|5106|5107|5584|4171|4172|4646|6060|6095|6219|6560|4570|4606|3012|151|1839
35,92,3549,4821,3549|3580|3581|3550|3192|3078|2987|2693|2694|2582|2569|2552|2542|2515|2122|5129|5181|4423|4424|4440|4950|4940|6175|6224|4823|4830|4821
35,91,3549,4649,3549|3580|3581|3550|3192|3078|2987|2693|2694|2582|2583|5037|2131|4491|4465|4466|4452|4648|4649
35,90,3549,2784,3549|3580|3581|3550|3192|3078|2987|2693|2694|2582|2569|2552|2542|2515|2114|2115|5106|5107|5584|4171|4172|4646|6060|6095|6219|6536|6984|4166|4164|4024|5058|5087|5587|2807|2484|1826|1827|115|116|155|938|1033|5233|5234|1700|1701|2462|2783|2784
35,88,3549,6346,3549|3580|3581|3550|3192|3078|2987|2693|2694|2582|2569|2552|2542|2515|2114|2115|5106|5107|5584|4171|4172|4646|6060|6095|6219|6560|4570|4606|3012|151|152|1043|6346
35,89,3549,1519,3549|3580|3581|3550|3192|3078|2987|2693|2694|2582|2569|2552|2542|2515|2114|2115|5106|5107|5584|4171|4172|4646|6060|6095|6219|6560|4570|4606|3012|151|152|997|998|6347|6349|5408|5372|3997|3998|4368|1547|1518|1519
35,240,3549,3235,3549|358|3152|3119|2687|2591|2135|2136|5113|5636|3849|4880|6169|6313|6698|4091|4099|4685|4798|5188|2487|2323|2282|2363|1812|49|54|769|1044|5909|5932|6395|5465|4430|1588|1592|1915|1934|2912|2790|3804|4046|4802|1381|1385|1196|1213|1215|3529|2325|2326|2845|5321|6545|6469|5987|5874|5763|5377|4748|4806|4186|4187|4349|6835|181|185|45|500|3235
35,241,3549,4397,3549|358|3152|3005|2989|2605|2570|2513|2514|2092|2093|2140|5122|3852|4420|4311|4417|4657|6613|6709|7025|4022|4604|5002|5132|5190|2814|2266|1755|777|872|7039|6325|5285|3891|1891|1969|1737|2427|3099|3450|5030|5555|1778|647|648|3332|2233|2247|2821|6621|6513|6048|5722|5313|5287|5288|197|199|580|801|3258|3225|3256|3670|3419|2940|2777|2776|2274|2966|4397
35,195,3549,6882,3549|358|3152|3119|3004|2706|2705|2724|2551|5194|2585|5034|5064|5639|4493|4497|4724|6075|6077|6674|4575|4576|5149|5579|3014|1748|418|419|6886|1013|6882
35,194,3549,1840,3549|358|3152|3119|3004|2706|2705|2724|2551|5194|2585|5034|5064|5121|5112|5119|5059|5060|5583|4691|4690|4174|3943|4175|6731|6261|4723|6920|4047|4048|4585|4999|3072|5054|2352|1840
35,197,3549,4445,3549|358|3152|3119|3004|2706|2705|2724|2551|5194|2585|5034|5064|5121|5112|5119|5059|5060|5583|4691|4690|4174|3943|4481|5145|5139|2555|2519|4442|4445
35,196,3549,2468,3549|358|3152|3119|3004|2706|2705|2724|2551|5194|2585|5034|5064|5121|5112|5119|5059|5060|5583|4691|4690|4174|3943|4175|6731|6127|6148|6707|4586|4835|5074|2468
35,191,3549,2414,3549|358|3152|3119|3004|2706|2705|2724|5136|5160|5656|4485|3881|3883|4688|4687|6733|6524|6525|6554|6309|6619|6673|6712|6909|4049|4051|4093|4030|4029|4034|4792|2799|2579|146|746|886|6390|5474|4456|1965|1977|2453|3447|4003|4730|5174|5175|5177|1467|1500|718|688|663|645|623|622|538|1084|2414
35,190,3549,3438,3549|358|3152|3119|3004|2706|2705|2724|5136|5160|5656|4485|3881|3883|4688|4687|6733|6524|6525|6554|6309|6619|6673|6712|6909|4049|4051|4093|4030|4029|4034|4792|2799|2579|146|892|6383|5488|4478|1978|1986|2424|3417|3420|3428|3808|3772|3771|3438
35,193,3549,3071,3549|358|3152|3119|3004|2706|2705|2724|2551|5194|2585|5034|5064|5121|5112|5119|5059|5060|5583|4691|4690|4174|3943|4481|5145|5139|2555|2519|2518|3017|3033|3036|3037|3984|4005|4973|4801|5020|5612|3071
35,192,3549,2478,3549|358|3152|3119|3004|2706|2705|2724|5136|5160|5656|4485|3881|3883|4688|4687|6733|6524|6525|6614|6615|7052|4199|4103|4549|4793|5102|5575|2840|2841|2272|1717|1716|203|204|414|6888|6222|6223|5296|5345|3925|1522|1537|2574|3553|3774|3776|3905|4112|5185|5172|554|670|1076|3348|3461|2295|2296|2478
35,198,3549,3856,3549|358|3152|3119|3004|2706|2705|2724|2551|5194|2585|5034|5064|5121|5112|5119|5059|5060|5583|4691|4690|4174|3943|4481|5145|5139|2555|2519|4442|4443|3857|3856
35,199,3549,6150,3549|358|3152|3119|3004|2706|2705|2724|2551|5194|2585|5034|5064|5639|4493|4497|4724|6075|6077|6539|6150
35,245,3549,879,3549|358|3152|3005|2989|2605|2570|2513|2514|2092|2093|2140|5122|3852|4420|4311|4417|4657|6613|6709|7025|4022|4604|5002|5132|5190|2814|2266|1755|777|872|7039|6325|5285|3891|1891|1969|1737|2427|3099|3450|5030|5555|1778|647|648|3332|2233|2247|2821|6621|6513|6047|5289|4085|4086|4269|7079|256|257|536|1012|3671|2190|2191|2955|4431|5741|5740|195|196|1405|2057|2056|2676|879
35,244,3549,2077,3549|358|3152|3119|2687|2591|2135|2136|5113|5636|3849|4880|6169|6313|6698|4091|4099|4685|4798|5188|2487|2323|2282|2363|1812|49|54|769|1044|5909|5932|6395|5465|4430|1588|1592|1915|1934|2912|2790|3804|4046|4802|1381|1385|1196|1213|1215|3529|2325|2326|2845|5321|6545|6469|5987|5874|5763|5377|4748|4806|4186|4187|4349|6835|181|185|489|958|3204|3395|2477|2290|2291|2808|4144|4145|5671|7155|122|328|759|1146|1787|1852|2013|3007|3350|3527|2177|2145|2021|2077
35,243,3549,2046,3549|358|3152|3119|2687|2591|2135|2136|5113|5636|3849|4880|6169|6313|6698|4091|4099|4685|4798|5188|2487|2323|2282|2363|1812|49|54|769|1044|5909|5932|6395|5465|4430|1588|1592|1915|1934|2912|2790|3804|4046|4802|1381|1385|1196|1213|1215|3529|2325|2326|2845|5321|6545|6469|5987|5874|5763|5377|4748|4806|4186|4187|4349|6835|181|185|489|958|3204|3395|2477|2439|2294|2869|4661|4331|4231|4230|7154|390|140|176|990|1377|1834|1772|1773|1859|1873|2045|2046
35,242,3549,4842,3549|358|3152|3119|2687|2591|2135|2136|5113|5636|3849|4880|6169|6313|6698|4091|4099|4685|4798|5188|2487|2323|2282|2363|1812|49|54|769|1044|5909|5932|6395|5465|4430|1588|1592|1915|1934|2912|3803|3927|4715|5582|5562|5894|5892|1895|677|678|3405|3475|3476|2393|2394|2832|6568|6068|5863|5821|5052|5053|4826|4235|4146|86|87|464|494|897|3453|3694|2900|4842
35,247,3549,1114,3549|358|3152|3005|2989|2605|2570|2513|2514|2092|2093|2140|5122|3852|4420|4311|4417|4657|6613|6709|7025|4022|4604|5002|5132|5190|2814|2266|1755|777|872|7039|6325|5285|3891|1891|1969|2938|2939|3430|3433|646|657|2937|5775|4800|3899|3932|7098|6860|120|121|819|3226|2201|2202|2907|836|844|1448|1868|3048|2097|1997|2005|3277|961|920|840|841|1596|1931|6387|1204|1121|1210|6697|1114
35,246,3549,1633,3549|358|3152|3119|2687|2591|2135|2136|5113|5636|3849|4880|6169|6313|6698|4091|4099|4685|4798|5188|2487|2323|2282|2363|1812|49|54|769|1044|5909|5932|6395|5465|4430|1588|1592|1915|1934|2912|3803|3927|4715|5582|1366|1437|1432|1211|1065|1074|3431|2433|2434|2965|5209|6940|6517|6065|6033|5779|5838|5041|4767|4121|4122|6768|30|31|1008|1009|3203|3451|3440|2215|2216|2277|2763|2764|4268|393|309|322|846|847|2719|3236|3140|3170|726|184|167|911|1583|1609|1611|1276|1311|1903|1912|1960|1633
35,230,3549,4704,3549|358|3152|3119|2687|2591|2135|2136|5113|5636|3849|4880|6169|6313|6698|4091|4099|4685|4798|5188|2487|2323|2282|2363|1812|49|54|769|1044|5909|5932|6395|5465|4430|1588|1592|1915|1934|2912|2790|3804|4046|4802|4704
35,239,3549,3626,3549|358|3152|3119|2687|2591|2135|2136|5113|5636|3849|4880|6169|6313|6698|4091|4099|4685|4798|5188|2487|2323|2282|2363|1812|49|54|769|1044|5909|5932|6395|5465|4430|1588|1592|1915|1934|2912|3803|3927|4715|5582|1366|1437|1432|1211|1065|1074|3431|2433|2434|2965|5209|6940|6517|6065|6033|5779|5838|5041|4767|4038|4042|4341|6794|6770|263|264|34|947|1017|3274|3449|3626
35,232,3549,5884,3549|3580|3581|3550|3192|3078|2987|2693|2694|2582|2583|5037|2131|4491|4465|4466|4452|4648|4649|6556|4786|5018|2601|416|417|1046|5934|5933|5284|5311|1526|1544|1953|2340|3091|3496|3415|3416|3754|3760|3764|3860|3976|4134|4714|4734|5150|5143|5646|5647|5126|5146|5885|5886|5198|5884
35,231,3549,5028,3549|358|3152|3119|3004|2706|2705|2724|5136|5160|5656|4485|3881|3883|4688|4687|6733|6524|6525|6614|6615|7052|4199|4103|4549|4793|5102|5575|2840|2841|2272|1717|1716|203|204|414|6888|7047|6232|6416|5348|3961|4422|1688|1693|1885|2315|3477|3773|5028
35,234,3549,3502,3549|3580|3581|3550|3192|3078|2987|2693|2694|2582|2583|5037|2131|4491|4465|4466|4452|4648|4649|6556|4786|5018|2601|416|417|1046|5934|5933|5284|5311|1526|1544|1953|2340|3091|3496|3415|3416|3754|3760|3929|4079|4016|5026|4717|4716|4729|1386|1387|634|606|704|690|669|1151|3441|3502
35,233,3549,1483,3549|3580|3581|3550|3192|3078|2987|2693|2694|2582|2583|5037|2131|4491|4465|4466|4452|4648|4649|6556|4786|5018|2601|416|417|1046|5934|5933|5284|5311|1526|1544|1952|2299|3435|4703|4813|1498|1484|1483
35,236,3549,6021,3549|358|3152|3119|2687|2591|2135|2136|5113|5636|3849|4880|6169|6313|6698|4091|4099|4685|4798|5188|2487|2323|2282|2363|1812|49|54|769|1044|5909|5932|6395|5465|4430|1588|1592|1915|1934|2912|3803|3927|4715|5582|1366|1437|1432|1211|1065|1074|3431|3489|3716|2496|2451|2312|2311|2923|2976|5546|6961|6778|6514|6021
35,235,3549,5536,3549|358|3152|3119|2687|2591|2135|2136|5113|5636|3849|4880|6169|6313|6698|4091|4099|4685|4798|5188|2487|2323|2282|2363|1812|49|54|769|1044|5909|5932|6395|5465|4430|1588|1592|1915|1934|2912|2790|3804|4046|4802|1381|1385|1196|1216|3396|2355|2356|2930|2958|5274|5277|5536
35,238,3549,4346,3549|3580|3581|3550|3192|3078|2987|2693|2694|2582|2583|5037|2131|4491|4465|4466|4452|4648|4649|6556|4786|5018|2601|416|417|1046|5934|5933|5284|5311|1526|1544|1953|2340|3091|3496|3415|3416|3754|3760|3929|4079|4016|5026|4717|4716|4729|1386|1387|634|1184|2463|2457|2458|2743|6635|6634|6585|6486|5990|3854|3877|6789|6756|4347|4346
35,237,3549,5992,3549|358|3152|3119|3004|2706|2705|2724|5136|5160|5656|4485|3881|3883|4688|4687|6733|6524|6525|6554|6309|6619|6673|6712|6909|4049|4051|4093|4030|4029|4034|4792|2799|2579|146|892|5908|3900|3901|1985|1933|1559|2331|3793|4132|4808|4820|1461|664|665|2168|2489|2830|5745|5453|5992
